url,in_crawl,in_sitemap,orphaned,uncatalogued,lastmod,sitemap
https://www.welzin.ai/solutions,False,True,True,False,2025-10-13 00:00:00+00:00,https://www.welzin.ai/pages-sitemap.xml
https://www.welzin.ai/faqs,False,True,True,False,2025-10-13 00:00:00+00:00,https://www.welzin.ai/pages-sitemap.xml
https://www.welzin.ai/webinars,False,True,True,False,2025-10-13 00:00:00+00:00,https://www.welzin.ai/pages-sitemap.xml
https://www.welzin.ai/blog-1,False,True,True,False,2025-10-13 00:00:00+00:00,https://www.welzin.ai/pages-sitemap.xml
https://www.welzin.ai/whitepapers,False,True,True,False,2025-10-13 00:00:00+00:00,https://www.welzin.ai/pages-sitemap.xml
https://www.welzin.ai/inferencingllm,False,True,True,False,2025-10-13 00:00:00+00:00,https://www.welzin.ai/pages-sitemap.xml
https://www.welzin.ai/why-welzin,False,True,True,False,2025-10-13 00:00:00+00:00,https://www.welzin.ai/pages-sitemap.xml
https://www.welzin.ai/ragpipeline,False,True,True,False,2025-10-13 00:00:00+00:00,https://www.welzin.ai/pages-sitemap.xml
https://www.welzin.ai/refund-policy,False,True,True,False,2025-10-13 00:00:00+00:00,https://www.welzin.ai/pages-sitemap.xml
https://www.welzin.ai/llm,False,True,True,False,2025-10-13 00:00:00+00:00,https://www.welzin.ai/pages-sitemap.xml
https://www.welzin.ai/lawzin,False,True,True,False,2025-10-13 00:00:00+00:00,https://www.welzin.ai/pages-sitemap.xml
https://www.welzin.ai/about,False,True,True,False,2025-10-13 00:00:00+00:00,https://www.welzin.ai/pages-sitemap.xml
https://www.welzin.ai,False,True,True,False,2025-10-13 00:00:00+00:00,https://www.welzin.ai/pages-sitemap.xml
https://www.welzin.ai/industries,False,True,True,False,2025-10-13 00:00:00+00:00,https://www.welzin.ai/pages-sitemap.xml
https://www.welzin.ai/cnai,False,True,True,False,2025-10-13 00:00:00+00:00,https://www.welzin.ai/pages-sitemap.xml
https://www.welzin.ai/contact,False,True,True,False,2025-10-13 00:00:00+00:00,https://www.welzin.ai/pages-sitemap.xml
https://www.welzin.ai/terms-conditions,False,True,True,False,2025-10-13 00:00:00+00:00,https://www.welzin.ai/pages-sitemap.xml
https://www.welzin.ai/privacy-policy,False,True,True,False,2025-10-13 00:00:00+00:00,https://www.welzin.ai/pages-sitemap.xml
https://www.welzin.ai/case-studies,False,True,True,False,2025-10-13 00:00:00+00:00,https://www.welzin.ai/pages-sitemap.xml
https://www.welzin.ai/credzin,False,True,True,False,2025-10-13 00:00:00+00:00,https://www.welzin.ai/pages-sitemap.xml
https://www.welzin.ai/services,False,True,True,False,2025-10-13 00:00:00+00:00,https://www.welzin.ai/pages-sitemap.xml
