loc,lastmod,sitemap,etag,sitemap_size_mb,download_date
https://www.welzin.ai/why-welzin,2025-10-13 00:00:00+00:00,https://www.welzin.ai/pages-sitemap.xml,"W/""781-R3GC78QSxvGetORmOuPXEm3gkdA""",0.0018320083618164062,2025-10-24 12:39:25.457113+00:00
https://www.welzin.ai/solutions,2025-10-13 00:00:00+00:00,https://www.welzin.ai/pages-sitemap.xml,"W/""781-R3GC78QSxvGetORmOuPXEm3gkdA""",0.0018320083618164062,2025-10-24 12:39:25.457113+00:00
https://www.welzin.ai/contact,2025-10-13 00:00:00+00:00,https://www.welzin.ai/pages-sitemap.xml,"W/""781-R3GC78QSxvGetORmOuPXEm3gkdA""",0.0018320083618164062,2025-10-24 12:39:25.457113+00:00
https://www.welzin.ai/refund-policy,2025-10-13 00:00:00+00:00,https://www.welzin.ai/pages-sitemap.xml,"W/""781-R3GC78QSxvGetORmOuPXEm3gkdA""",0.0018320083618164062,2025-10-24 12:39:25.457113+00:00
https://www.welzin.ai,2025-10-13 00:00:00+00:00,https://www.welzin.ai/pages-sitemap.xml,"W/""781-R3GC78QSxvGetORmOuPXEm3gkdA""",0.0018320083618164062,2025-10-24 12:39:25.457113+00:00
https://www.welzin.ai/llm,2025-10-13 00:00:00+00:00,https://www.welzin.ai/pages-sitemap.xml,"W/""781-R3GC78QSxvGetORmOuPXEm3gkdA""",0.0018320083618164062,2025-10-24 12:39:25.457113+00:00
https://www.welzin.ai/ragpipeline,2025-10-13 00:00:00+00:00,https://www.welzin.ai/pages-sitemap.xml,"W/""781-R3GC78QSxvGetORmOuPXEm3gkdA""",0.0018320083618164062,2025-10-24 12:39:25.457113+00:00
https://www.welzin.ai/about,2025-10-13 00:00:00+00:00,https://www.welzin.ai/pages-sitemap.xml,"W/""781-R3GC78QSxvGetORmOuPXEm3gkdA""",0.0018320083618164062,2025-10-24 12:39:25.457113+00:00
https://www.welzin.ai/credzin,2025-10-13 00:00:00+00:00,https://www.welzin.ai/pages-sitemap.xml,"W/""781-R3GC78QSxvGetORmOuPXEm3gkdA""",0.0018320083618164062,2025-10-24 12:39:25.457113+00:00
https://www.welzin.ai/blog-1,2025-10-13 00:00:00+00:00,https://www.welzin.ai/pages-sitemap.xml,"W/""781-R3GC78QSxvGetORmOuPXEm3gkdA""",0.0018320083618164062,2025-10-24 12:39:25.457113+00:00
https://www.welzin.ai/whitepapers,2025-10-13 00:00:00+00:00,https://www.welzin.ai/pages-sitemap.xml,"W/""781-R3GC78QSxvGetORmOuPXEm3gkdA""",0.0018320083618164062,2025-10-24 12:39:25.457113+00:00
https://www.welzin.ai/case-studies,2025-10-13 00:00:00+00:00,https://www.welzin.ai/pages-sitemap.xml,"W/""781-R3GC78QSxvGetORmOuPXEm3gkdA""",0.0018320083618164062,2025-10-24 12:39:25.457113+00:00
https://www.welzin.ai/faqs,2025-10-13 00:00:00+00:00,https://www.welzin.ai/pages-sitemap.xml,"W/""781-R3GC78QSxvGetORmOuPXEm3gkdA""",0.0018320083618164062,2025-10-24 12:39:25.457113+00:00
https://www.welzin.ai/services,2025-10-13 00:00:00+00:00,https://www.welzin.ai/pages-sitemap.xml,"W/""781-R3GC78QSxvGetORmOuPXEm3gkdA""",0.0018320083618164062,2025-10-24 12:39:25.457113+00:00
https://www.welzin.ai/inferencingllm,2025-10-13 00:00:00+00:00,https://www.welzin.ai/pages-sitemap.xml,"W/""781-R3GC78QSxvGetORmOuPXEm3gkdA""",0.0018320083618164062,2025-10-24 12:39:25.457113+00:00
https://www.welzin.ai/terms-conditions,2025-10-13 00:00:00+00:00,https://www.welzin.ai/pages-sitemap.xml,"W/""781-R3GC78QSxvGetORmOuPXEm3gkdA""",0.0018320083618164062,2025-10-24 12:39:25.457113+00:00
https://www.welzin.ai/industries,2025-10-13 00:00:00+00:00,https://www.welzin.ai/pages-sitemap.xml,"W/""781-R3GC78QSxvGetORmOuPXEm3gkdA""",0.0018320083618164062,2025-10-24 12:39:25.457113+00:00
https://www.welzin.ai/lawzin,2025-10-13 00:00:00+00:00,https://www.welzin.ai/pages-sitemap.xml,"W/""781-R3GC78QSxvGetORmOuPXEm3gkdA""",0.0018320083618164062,2025-10-24 12:39:25.457113+00:00
https://www.welzin.ai/cnai,2025-10-13 00:00:00+00:00,https://www.welzin.ai/pages-sitemap.xml,"W/""781-R3GC78QSxvGetORmOuPXEm3gkdA""",0.0018320083618164062,2025-10-24 12:39:25.457113+00:00
https://www.welzin.ai/webinars,2025-10-13 00:00:00+00:00,https://www.welzin.ai/pages-sitemap.xml,"W/""781-R3GC78QSxvGetORmOuPXEm3gkdA""",0.0018320083618164062,2025-10-24 12:39:25.457113+00:00
https://www.welzin.ai/privacy-policy,2025-10-13 00:00:00+00:00,https://www.welzin.ai/pages-sitemap.xml,"W/""781-R3GC78QSxvGetORmOuPXEm3gkdA""",0.0018320083618164062,2025-10-24 12:39:25.457113+00:00
